{
    "project": {
        "name": "sagen",
        "version": "0.2.22",
        "description": "JavaScript, device check and viewport rewrite",
        "url": "",
        "logo": ""
    },
    "files": {
        "../src/browser/Browser.js": {
            "name": "../src/browser/Browser.js",
            "modules": {},
            "classes": {
                "Browser": 1
            },
            "fors": {
                "Browser": 1,
                "Browser.iOS": 1,
                "Browser.Android": 1,
                "Browser.IE": 1,
                "Browser.Chrome": 1,
                "Browser.Safari": 1,
                "Browser.Firefox": 1,
                "Browser.Touch": 1,
                "Browser.Mobile": 1,
                "Browser.Canvas": 1,
                "Browser.Mac": 1,
                "Browser.Windows": 1,
                "Browser.Transition": 1
            },
            "namespaces": {}
        },
        "../src/browser/Device.js": {
            "name": "../src/browser/Device.js",
            "modules": {},
            "classes": {
                "Device": 1
            },
            "fors": {
                "Device": 1
            },
            "namespaces": {}
        },
        "../src/browser/Viewport.js": {
            "name": "../src/browser/Viewport.js",
            "modules": {},
            "classes": {
                "Viewport": 1
            },
            "fors": {
                "Viewport": 1,
                "Viewport.Android": 1,
                "Viewport.iOS": 1
            },
            "namespaces": {}
        },
        "../src/events/EventDispatcher.js": {
            "name": "../src/events/EventDispatcher.js",
            "modules": {},
            "classes": {
                "EventDispatcher": 1
            },
            "fors": {},
            "namespaces": {}
        },
        "../src/events/EventObject.js": {
            "name": "../src/events/EventObject.js",
            "modules": {},
            "classes": {
                "EventObject": 1
            },
            "fors": {},
            "namespaces": {}
        },
        "../src/Sagen.js": {
            "name": "../src/Sagen.js",
            "modules": {
                "Sagen": 1
            },
            "classes": {},
            "fors": {
                "Sagen": 1
            },
            "namespaces": {}
        },
        "../src/version.js": {
            "name": "../src/version.js",
            "modules": {},
            "classes": {
                "Sagen": 1
            },
            "fors": {},
            "namespaces": {}
        }
    },
    "modules": {
        "Sagen": {
            "name": "Sagen",
            "submodules": {},
            "classes": {
                "Browser": 1,
                "Browser.iOS": 1,
                "Browser.Android": 1,
                "Browser.IE": 1,
                "Browser.Chrome": 1,
                "Browser.Safari": 1,
                "Browser.Firefox": 1,
                "Browser.Touch": 1,
                "Browser.Mobile": 1,
                "Browser.Canvas": 1,
                "Browser.Mac": 1,
                "Browser.Windows": 1,
                "Browser.Transition": 1,
                "Device": 1,
                "Viewport": 1,
                "Viewport.Android": 1,
                "Viewport.iOS": 1,
                "EventDispatcher": 1,
                "EventObject": 1,
                "Sagen": 1
            },
            "fors": {
                "Sagen": 1
            },
            "namespaces": {},
            "tag": "module",
            "file": "../src/version.js",
            "line": 7,
            "description": "global object",
            "example": [
                "\n\n     <script type=\"text/javascript\" src=\"/js/sagen-VERSION.min.js\"\n         id=\"sagen\"\n         data-orientation=\"true\"\n         data-android=\"true\"\n         data-ios=\"true\"\n         data-canvas=\"true\">\n     </script>\n\n     ( function ( window ){\n        \"use strict\";\n        var Sagen = window.Sagen\n        ;\n\n        if ( Sagen.Browser.iOS.is() ) {\n             // iOS\n        }\n\n     }( window ) );"
            ],
            "type": "{object}"
        }
    },
    "classes": {
        "Browser": {
            "name": "Browser",
            "shortname": "Browser",
            "classitems": [],
            "plugins": [],
            "extensions": [],
            "plugin_for": [],
            "extension_for": [],
            "module": "Sagen",
            "file": "../src/browser/Browser.js",
            "line": 177,
            "description": "Browser 情報を管理します",
            "is_constructor": 1
        },
        "Browser.iOS": {
            "name": "Browser.iOS",
            "shortname": "Browser.iOS",
            "classitems": [],
            "plugins": [],
            "extensions": [],
            "plugin_for": [],
            "extension_for": [],
            "module": "Sagen"
        },
        "Browser.Android": {
            "name": "Browser.Android",
            "shortname": "Browser.Android",
            "classitems": [],
            "plugins": [],
            "extensions": [],
            "plugin_for": [],
            "extension_for": [],
            "module": "Sagen"
        },
        "Browser.IE": {
            "name": "Browser.IE",
            "shortname": "Browser.IE",
            "classitems": [],
            "plugins": [],
            "extensions": [],
            "plugin_for": [],
            "extension_for": [],
            "module": "Sagen"
        },
        "Browser.Chrome": {
            "name": "Browser.Chrome",
            "shortname": "Browser.Chrome",
            "classitems": [],
            "plugins": [],
            "extensions": [],
            "plugin_for": [],
            "extension_for": [],
            "module": "Sagen"
        },
        "Browser.Safari": {
            "name": "Browser.Safari",
            "shortname": "Browser.Safari",
            "classitems": [],
            "plugins": [],
            "extensions": [],
            "plugin_for": [],
            "extension_for": [],
            "module": "Sagen"
        },
        "Browser.Firefox": {
            "name": "Browser.Firefox",
            "shortname": "Browser.Firefox",
            "classitems": [],
            "plugins": [],
            "extensions": [],
            "plugin_for": [],
            "extension_for": [],
            "module": "Sagen"
        },
        "Browser.Touch": {
            "name": "Browser.Touch",
            "shortname": "Browser.Touch",
            "classitems": [],
            "plugins": [],
            "extensions": [],
            "plugin_for": [],
            "extension_for": [],
            "module": "Sagen"
        },
        "Browser.Mobile": {
            "name": "Browser.Mobile",
            "shortname": "Browser.Mobile",
            "classitems": [],
            "plugins": [],
            "extensions": [],
            "plugin_for": [],
            "extension_for": [],
            "module": "Sagen"
        },
        "Browser.Canvas": {
            "name": "Browser.Canvas",
            "shortname": "Browser.Canvas",
            "classitems": [],
            "plugins": [],
            "extensions": [],
            "plugin_for": [],
            "extension_for": [],
            "module": "Sagen"
        },
        "Browser.Mac": {
            "name": "Browser.Mac",
            "shortname": "Browser.Mac",
            "classitems": [],
            "plugins": [],
            "extensions": [],
            "plugin_for": [],
            "extension_for": [],
            "module": "Sagen"
        },
        "Browser.Windows": {
            "name": "Browser.Windows",
            "shortname": "Browser.Windows",
            "classitems": [],
            "plugins": [],
            "extensions": [],
            "plugin_for": [],
            "extension_for": [],
            "module": "Sagen"
        },
        "Browser.Transition": {
            "name": "Browser.Transition",
            "shortname": "Browser.Transition",
            "classitems": [],
            "plugins": [],
            "extensions": [],
            "plugin_for": [],
            "extension_for": [],
            "module": "Sagen"
        },
        "Device": {
            "name": "Device",
            "shortname": "Device",
            "classitems": [],
            "plugins": [],
            "extensions": [],
            "plugin_for": [],
            "extension_for": [],
            "module": "Sagen",
            "file": "../src/browser/Device.js",
            "line": 289,
            "description": "Device 情報に基づきhtml tagへCSSクラスネームを書き込みます",
            "is_constructor": 1
        },
        "Viewport": {
            "name": "Viewport",
            "shortname": "Viewport",
            "classitems": [],
            "plugins": [],
            "extensions": [],
            "plugin_for": [],
            "extension_for": [],
            "module": "Sagen",
            "file": "../src/browser/Viewport.js",
            "line": 63,
            "description": "Viewport 情報を管理します",
            "is_constructor": 1
        },
        "Viewport.Android": {
            "name": "Viewport.Android",
            "shortname": "Viewport.Android",
            "classitems": [],
            "plugins": [],
            "extensions": [],
            "plugin_for": [],
            "extension_for": [],
            "module": "Sagen"
        },
        "Viewport.iOS": {
            "name": "Viewport.iOS",
            "shortname": "Viewport.iOS",
            "classitems": [],
            "plugins": [],
            "extensions": [],
            "plugin_for": [],
            "extension_for": [],
            "module": "Sagen"
        },
        "EventDispatcher": {
            "name": "EventDispatcher",
            "shortname": "EventDispatcher",
            "classitems": [],
            "plugins": [],
            "extensions": [],
            "plugin_for": [],
            "extension_for": [],
            "module": "Sagen",
            "file": "../src/events/EventDispatcher.js",
            "line": 19,
            "description": "The EventDispatcher provides methods for managing prioritized queues of event listeners and dispatching events. All\n{{#crossLink \"DisplayObject\"}}{{/crossLink}} classes dispatch events, as well as some of the utilities like {{#crossLink \"Ticker\"}}{{/crossLink}}.\n\nYou can either extend this class or mix its methods into an existing prototype or instance by using the\nEventDispatcher {{#crossLink \"EventDispatcher/initialize\"}}{{/crossLink}} method.\n\n<h4>Example</h4>\nAdd EventDispatcher capabilities to the \"MyClass\" class.\n\n     EventDispatcher.initialize(MyClass.prototype);\n\nAdd an event (see {{#crossLink \"EventDispatcher/addEventListener\"}}{{/crossLink}}).\n\n     instance.addEventListener(\"eventName\", handlerMethod);\n     function handlerMethod(event) {\n         console.log(event.target + \" Was Clicked\");\n     }\n\n<b>Maintaining proper scope</b><br />\nWhen using EventDispatcher in a class, you may need to use <code>Function.bind</code> or another approach to\nmaintain you method scope. Note that Function.bind is not supported in some older browsers.\n\n     instance.addEventListener(\"click\", handleClick.bind(this));\n     function handleClick(event) {\n         console.log(\"Method called in scope: \" + this);\n     }\n\nPlease note that currently, EventDispatcher does not support event priority or bubbling. Future versions may add\nsupport for one or both of these features.",
            "is_constructor": 1
        },
        "EventObject": {
            "name": "EventObject",
            "shortname": "EventObject",
            "classitems": [],
            "plugins": [],
            "extensions": [],
            "plugin_for": [],
            "extension_for": [],
            "module": "Sagen",
            "file": "../src/events/EventObject.js",
            "line": 16,
            "params": [
                {
                    "name": "eventType",
                    "description": "Event Type",
                    "type": "String"
                },
                {
                    "name": "params",
                    "description": "String || Array eventHandler へ送る値をセット。複数の時は配列にセットする",
                    "type": "*",
                    "optional": true
                }
            ],
            "is_constructor": 1
        },
        "Sagen": {
            "name": "Sagen",
            "shortname": "Sagen",
            "classitems": [],
            "plugins": [],
            "extensions": [],
            "plugin_for": [],
            "extension_for": [],
            "module": "Sagen",
            "namespace": "",
            "file": "../src/version.js",
            "line": 7,
            "description": "Static class holding library specific information such as the version and buildDate of\nthe library."
        }
    },
    "classitems": [
        {
            "file": "../src/browser/Browser.js",
            "line": 1,
            "description": "license inazumatv.com\nauthor (at)taikiken / http://inazumatv.com\ndate 2013/12/12 - 17:25\n\nCopyright (c) 2011-2013 inazumatv.com, inc.\n\nDistributed under the terms of the MIT license.\nhttp://www.opensource.org/licenses/mit-license.html\n\nThis notice shall be included in all copies or substantial portions of the Software.\n\nBrowser class from inazumatv.util",
            "class": "Browser"
        },
        {
            "file": "../src/browser/Browser.js",
            "line": 87,
            "description": "iOS version detection",
            "itemtype": "method",
            "name": "_iosVersion",
            "return": {
                "description": "iOS version 配列 3桁",
                "type": "Array"
            },
            "access": "private",
            "tagname": "",
            "class": "Browser"
        },
        {
            "file": "../src/browser/Browser.js",
            "line": 107,
            "description": "Android version detection",
            "itemtype": "method",
            "name": "_get_androidVersion",
            "return": {
                "description": "Android version 配列 3桁",
                "type": "Array"
            },
            "access": "private",
            "tagname": "",
            "class": "Browser"
        },
        {
            "file": "../src/browser/Browser.js",
            "line": 127,
            "description": "Safari version detection",
            "return": {
                "description": "Safari version 配列 2桁~3桁",
                "type": "Array"
            },
            "access": "private",
            "tagname": "",
            "class": "Browser"
        },
        {
            "file": "../src/browser/Browser.js",
            "line": 186,
            "type": "{{iOS: {is: Function, number: Function, major: Function, version: Function}, Android: {is: Function, number: Function, major: Function, version: Function}, IE: {is: Function, version: Function}, Chrome: {is: Function}, Safari: {is: Function}, Firefox: {is: Function}, _ie: Function, _ie6: Function, _ie7: Function, _ie8: Function, _ie9: Function, _ie10: Function, _ie11: Function, _chrome: Function, _firefox: Function, _safari: Function, _legacy: Function, _mobile: Function, _ios: Function, _ios_version: Function, _android_version: Function, _android_version_major: Function, _android_version_num: Function, _android: Function, _iphone: Function, _ipad: Function, _ipod: Function, hideURLBar: Function}}",
            "class": "Browser"
        },
        {
            "file": "../src/browser/Browser.js",
            "line": 192,
            "description": "iOS に関する情報",
            "itemtype": "property",
            "name": "iOS",
            "type": "Object",
            "static": 1,
            "class": "Browser"
        },
        {
            "file": "../src/browser/Browser.js",
            "line": 200,
            "itemtype": "method",
            "name": "is",
            "return": {
                "description": "iOS か否かを返します",
                "type": "Boolean"
            },
            "static": 1,
            "class": "Browser.iOS"
        },
        {
            "file": "../src/browser/Browser.js",
            "line": 209,
            "itemtype": "method",
            "name": "number",
            "return": {
                "description": "iOS version number を返します [ major, minor, build ]",
                "type": "Array"
            },
            "static": 1,
            "class": "Browser.iOS"
        },
        {
            "file": "../src/browser/Browser.js",
            "line": 218,
            "itemtype": "method",
            "name": "major",
            "return": {
                "description": "iOS major version number を返します",
                "type": "Number"
            },
            "static": 1,
            "class": "Browser.iOS"
        },
        {
            "file": "../src/browser/Browser.js",
            "line": 227,
            "itemtype": "method",
            "name": "version",
            "return": {
                "description": "iOS version を返します 9.99",
                "type": "Number"
            },
            "static": 1,
            "class": "Browser.iOS"
        },
        {
            "file": "../src/browser/Browser.js",
            "line": 236,
            "itemtype": "method",
            "name": "iPhone",
            "return": {
                "description": "iPhone か否かを返します",
                "type": "Boolean"
            },
            "static": 1,
            "class": "Browser.iOS"
        },
        {
            "file": "../src/browser/Browser.js",
            "line": 245,
            "itemtype": "method",
            "name": "iPad",
            "return": {
                "description": "iPad か否かを返します",
                "type": "Boolean"
            },
            "static": 1,
            "class": "Browser.iOS"
        },
        {
            "file": "../src/browser/Browser.js",
            "line": 254,
            "itemtype": "method",
            "name": "iPod",
            "return": {
                "description": "iPod か否かを返します",
                "type": "Boolean"
            },
            "static": 1,
            "class": "Browser.iOS"
        },
        {
            "file": "../src/browser/Browser.js",
            "line": 263,
            "itemtype": "method",
            "name": "fullScreen",
            "return": {
                "description": "standalone mode か否かを返します",
                "type": "Boolean"
            },
            "static": 1,
            "class": "Browser.iOS"
        },
        {
            "file": "../src/browser/Browser.js",
            "line": 273,
            "description": "Android に関する情報",
            "itemtype": "property",
            "name": "Android",
            "type": "Object",
            "static": 1,
            "class": "Browser"
        },
        {
            "file": "../src/browser/Browser.js",
            "line": 281,
            "itemtype": "method",
            "name": "is",
            "return": {
                "description": "Android か否かを返します",
                "type": "Boolean"
            },
            "static": 1,
            "class": "Browser.Android"
        },
        {
            "file": "../src/browser/Browser.js",
            "line": 290,
            "itemtype": "method",
            "name": "number",
            "return": {
                "description": "Android version number を返します [ major, minor, build ]",
                "type": "Array"
            },
            "static": 1,
            "class": "Browser.Android"
        },
        {
            "file": "../src/browser/Browser.js",
            "line": 299,
            "itemtype": "method",
            "name": "major",
            "return": {
                "description": "Android major version number を返します",
                "type": "Number"
            },
            "static": 1,
            "class": "Browser.Android"
        },
        {
            "file": "../src/browser/Browser.js",
            "line": 308,
            "itemtype": "method",
            "name": "version",
            "return": {
                "description": "Android version を返します 9.99",
                "type": "Number"
            },
            "static": 1,
            "class": "Browser.Android"
        },
        {
            "file": "../src/browser/Browser.js",
            "line": 317,
            "itemtype": "method",
            "name": "phone",
            "return": {
                "description": "Android Phone か否かを返します",
                "type": "Boolean"
            },
            "static": 1,
            "class": "Browser.Android"
        },
        {
            "file": "../src/browser/Browser.js",
            "line": 326,
            "itemtype": "method",
            "name": "tablet",
            "return": {
                "description": "Android Tablet か否かを返します",
                "type": "Boolean"
            },
            "static": 1,
            "class": "Browser.Android"
        },
        {
            "file": "../src/browser/Browser.js",
            "line": 335,
            "itemtype": "method",
            "name": "standard",
            "return": {
                "description": "Android standard Browser か否かを返します",
                "type": "Boolean"
            },
            "static": 1,
            "class": "Browser.Android"
        },
        {
            "file": "../src/browser/Browser.js",
            "line": 345,
            "description": "IE に関する情報",
            "itemtype": "property",
            "name": "IE",
            "type": "Object",
            "static": 1,
            "class": "Browser"
        },
        {
            "file": "../src/browser/Browser.js",
            "line": 353,
            "itemtype": "method",
            "name": "is",
            "return": {
                "description": "IE か否かを返します",
                "type": "Boolean"
            },
            "static": 1,
            "class": "Browser.IE"
        },
        {
            "file": "../src/browser/Browser.js",
            "line": 362,
            "itemtype": "method",
            "name": "is6",
            "return": {
                "description": "IE 6 か否かを返します",
                "type": "Boolean"
            },
            "class": "Browser.IE"
        },
        {
            "file": "../src/browser/Browser.js",
            "line": 370,
            "itemtype": "method",
            "name": "is7",
            "return": {
                "description": "IE 7 か否かを返します",
                "type": "Boolean"
            },
            "class": "Browser.IE"
        },
        {
            "file": "../src/browser/Browser.js",
            "line": 378,
            "itemtype": "method",
            "name": "is8",
            "return": {
                "description": "IE 8 か否かを返します",
                "type": "Boolean"
            },
            "class": "Browser.IE"
        },
        {
            "file": "../src/browser/Browser.js",
            "line": 386,
            "itemtype": "method",
            "name": "is9",
            "return": {
                "description": "IE 9 か否かを返します",
                "type": "Boolean"
            },
            "class": "Browser.IE"
        },
        {
            "file": "../src/browser/Browser.js",
            "line": 394,
            "itemtype": "method",
            "name": "is10",
            "return": {
                "description": "IE 10 か否かを返します",
                "type": "Boolean"
            },
            "class": "Browser.IE"
        },
        {
            "file": "../src/browser/Browser.js",
            "line": 402,
            "itemtype": "method",
            "name": "is11",
            "return": {
                "description": "IE 11 か否かを返します",
                "type": "Boolean"
            },
            "class": "Browser.IE"
        },
        {
            "file": "../src/browser/Browser.js",
            "line": 410,
            "itemtype": "method",
            "name": "_legacy",
            "return": {
                "description": "IE 6 or 7 or 8 か否かを返します",
                "type": "Boolean"
            },
            "class": "Browser.IE"
        },
        {
            "file": "../src/browser/Browser.js",
            "line": 418,
            "itemtype": "method",
            "name": "version",
            "return": {
                "description": "IE version を返します int 6 ~ 11, IE 6 ~ IE 11 でない場合は -1 を返します",
                "type": "Number"
            },
            "static": 1,
            "class": "Browser.IE"
        },
        {
            "file": "../src/browser/Browser.js",
            "line": 442,
            "description": "Chrome に関する情報",
            "itemtype": "property",
            "name": "Chrome",
            "type": "Object",
            "static": 1,
            "class": "Browser"
        },
        {
            "file": "../src/browser/Browser.js",
            "line": 450,
            "itemtype": "method",
            "name": "is",
            "return": {
                "description": "Chrome か否かを返します",
                "type": "Boolean"
            },
            "static": 1,
            "class": "Browser.Chrome"
        },
        {
            "file": "../src/browser/Browser.js",
            "line": 459,
            "itemtype": "method",
            "name": "version",
            "return": {
                "description": "",
                "type": "String|number"
            },
            "class": "Browser.Chrome"
        },
        {
            "file": "../src/browser/Browser.js",
            "line": 468,
            "description": "Safari に関する情報",
            "itemtype": "property",
            "name": "Safari",
            "type": "Object",
            "static": 1,
            "class": "Browser"
        },
        {
            "file": "../src/browser/Browser.js",
            "line": 476,
            "itemtype": "method",
            "name": "is",
            "return": {
                "description": "Safari か否かを返します",
                "type": "Boolean"
            },
            "static": 1,
            "class": "Browser.Safari"
        },
        {
            "file": "../src/browser/Browser.js",
            "line": 485,
            "itemtype": "method",
            "name": "number",
            "return": {
                "description": "Safari version number を返します [ major, minor, build ]",
                "type": "Array"
            },
            "static": 1,
            "class": "Browser.Safari"
        },
        {
            "file": "../src/browser/Browser.js",
            "line": 494,
            "itemtype": "method",
            "name": "major",
            "return": {
                "description": "Safari major version number を返します",
                "type": "Number"
            },
            "static": 1,
            "class": "Browser.Safari"
        },
        {
            "file": "../src/browser/Browser.js",
            "line": 503,
            "itemtype": "method",
            "name": "version",
            "return": {
                "description": "Safari version を返します 9.99",
                "type": "Number"
            },
            "static": 1,
            "class": "Browser.Safari"
        },
        {
            "file": "../src/browser/Browser.js",
            "line": 513,
            "description": "Firefox に関する情報",
            "itemtype": "property",
            "name": "Firefox",
            "type": "Object",
            "static": 1,
            "class": "Browser"
        },
        {
            "file": "../src/browser/Browser.js",
            "line": 521,
            "itemtype": "method",
            "name": "is",
            "return": {
                "description": "Firefox か否かを返します",
                "type": "Boolean"
            },
            "static": 1,
            "class": "Browser.Firefox"
        },
        {
            "file": "../src/browser/Browser.js",
            "line": 531,
            "description": "Touch action に関する情報",
            "itemtype": "property",
            "name": "Touch",
            "type": "Object",
            "static": 1,
            "class": "Browser"
        },
        {
            "file": "../src/browser/Browser.js",
            "line": 539,
            "itemtype": "method",
            "name": "is",
            "return": {
                "description": "Touch 可能か否かを返します",
                "type": "Boolean"
            },
            "static": 1,
            "class": "Browser.Touch"
        },
        {
            "file": "../src/browser/Browser.js",
            "line": 549,
            "description": "Mobile action に関する情報",
            "itemtype": "property",
            "name": "Mobile",
            "type": "Object",
            "static": 1,
            "class": "Browser"
        },
        {
            "file": "../src/browser/Browser.js",
            "line": 557,
            "itemtype": "method",
            "name": "is",
            "return": {
                "description": "mobile(smart phone) か否かを返します",
                "type": "Boolean"
            },
            "static": 1,
            "class": "Browser.Mobile"
        },
        {
            "file": "../src/browser/Browser.js",
            "line": 566,
            "description": "iPhone, Android phone. URL bar 下へスクロールさせます。<br>\nwindow.onload 後に実行します。<br>\niOS 7 mobile Safari, Android Chrome and iOS Chrome では動作しません。\n\n    function onLoad () {\n         window.removeEventListener( \"load\", onLoad );\n         Browser.Mobile.hideURLBar();\n    }\n    window.addEventListener( \"load\", onLoad, false );",
            "itemtype": "method",
            "name": "hideURLBar",
            "static": 1,
            "class": "Browser.Mobile"
        },
        {
            "file": "../src/browser/Browser.js",
            "line": 584,
            "itemtype": "method",
            "name": "phone",
            "return": {
                "description": "Smart Phone(include iPod)か否かを返します",
                "type": "Boolean"
            },
            "static": 1,
            "class": "Browser.Mobile"
        },
        {
            "file": "../src/browser/Browser.js",
            "line": 593,
            "itemtype": "method",
            "name": "tablet",
            "return": {
                "description": "tablet か否かを返します",
                "type": "Boolean"
            },
            "static": 1,
            "class": "Browser.Mobile"
        },
        {
            "file": "../src/browser/Browser.js",
            "line": 603,
            "description": "Canvas に関する情報",
            "itemtype": "property",
            "name": "Canvas",
            "type": "Object",
            "static": 1,
            "class": "Browser"
        },
        {
            "file": "../src/browser/Browser.js",
            "line": 611,
            "itemtype": "method",
            "name": "is",
            "return": {
                "description": "canvas 2D が使用可能か否かを返します",
                "type": "Boolean"
            },
            "static": 1,
            "class": "Browser.Canvas"
        },
        {
            "file": "../src/browser/Browser.js",
            "line": 620,
            "itemtype": "method",
            "name": "webgl",
            "return": {
                "description": "canvas webgl 使用可能か否かを返します",
                "type": "Boolean"
            },
            "static": 1,
            "class": "Browser.Canvas"
        },
        {
            "file": "../src/browser/Browser.js",
            "line": 639,
            "itemtype": "method",
            "name": "is",
            "return": {
                "description": "Mac OS X or not",
                "type": "Boolean"
            },
            "static": 1,
            "class": "Browser.Mac"
        },
        {
            "file": "../src/browser/Browser.js",
            "line": 650,
            "itemtype": "method",
            "name": "is",
            "return": {
                "description": "Windows or not",
                "type": "Boolean"
            },
            "class": "Browser.Windows"
        },
        {
            "file": "../src/browser/Browser.js",
            "line": 660,
            "itemtype": "method",
            "name": "is",
            "return": {
                "description": "CSS3 transition support or not",
                "type": "Boolean"
            },
            "class": "Browser.Transition"
        },
        {
            "file": "../src/browser/Browser.js",
            "line": 671,
            "itemtype": "method",
            "name": "is",
            "return": {
                "description": "CSS3 transition support or not",
                "type": "Boolean"
            },
            "class": "Browser.Transition"
        },
        {
            "file": "../src/browser/Device.js",
            "line": 1,
            "description": "license inazumatv.com\nauthor (at)taikiken / htp://inazumatv.com\ndate 2014/02/06 - 13:55\n\nCopyright (c) 2011-2014 inazumatv.com, inc.\n\nDistributed under the terms of the MIT license.\nhttp://www.opensource.org/licenses/mit-license.html\n\nThis notice shall be included in all copies or substantial portions of the Software.",
            "class": "Device"
        },
        {
            "file": "../src/browser/Device.js",
            "line": 298,
            "itemtype": "property",
            "name": "CHANGE_ORIENTATION",
            "type": "{string}",
            "static": 1,
            "class": "Device"
        },
        {
            "file": "../src/browser/Device.js",
            "line": 312,
            "description": "orientation 監視を開始します。\ndata-orientation=\"true\"だと自動で実行されます。",
            "itemtype": "method",
            "name": "listen",
            "static": 1,
            "class": "Device"
        },
        {
            "file": "../src/browser/Device.js",
            "line": 325,
            "description": "orientation 監視を止めます。",
            "itemtype": "method",
            "name": "abort",
            "static": 1,
            "class": "Device"
        },
        {
            "file": "../src/browser/Device.js",
            "line": 336,
            "description": "portraitか否かを返します。",
            "itemtype": "method",
            "name": "portrait",
            "return": {
                "description": "portraitならばtrue",
                "type": "Boolean"
            },
            "static": 1,
            "class": "Device"
        },
        {
            "file": "../src/browser/Device.js",
            "line": 346,
            "description": "landscapeか否かを返します。",
            "itemtype": "method",
            "name": "landscape",
            "return": {
                "description": "landscapeならばtrue",
                "type": "Boolean"
            },
            "static": 1,
            "class": "Device"
        },
        {
            "file": "../src/browser/Device.js",
            "line": 357,
            "description": "canvas, webglが使用可能かを調べcss classを書き込みます",
            "itemtype": "method",
            "name": "canvas",
            "static": 1,
            "class": "Device"
        },
        {
            "file": "../src/browser/Device.js",
            "line": 374,
            "description": "強制的にorientation eventを発火します。data-orientationがtrueになっている必要があります。",
            "itemtype": "method",
            "name": "fire",
            "static": 1,
            "class": "Device"
        },
        {
            "file": "../src/browser/Device.js",
            "line": 386,
            "itemtype": "method",
            "name": "getElement",
            "return": {
                "description": "html tag element を返します",
                "type": "HTMLElement"
            },
            "static": 1,
            "class": "Device"
        },
        {
            "file": "../src/browser/Viewport.js",
            "line": 1,
            "description": "license inazumatv.com\nauthor (at)taikiken / htp://inazumatv.com\ndate 2014/02/06 - 13:30\n\nCopyright (c) 2011-2014 inazumatv.com, inc.\n\nDistributed under the terms of the MIT license.\nhttp://www.opensource.org/licenses/mit-license.html\n\nThis notice shall be included in all copies or substantial portions of the Software.",
            "class": "Viewport"
        },
        {
            "file": "../src/browser/Viewport.js",
            "line": 46,
            "params": [
                {
                    "name": "content",
                    "description": "",
                    "type": "String"
                }
            ],
            "return": {
                "description": "",
                "type": "HTMLElement"
            },
            "access": "private",
            "tagname": "",
            "class": "Viewport"
        },
        {
            "file": "../src/browser/Viewport.js",
            "line": 72,
            "description": "viewport へ設定を追加します",
            "itemtype": "method",
            "name": "add",
            "params": [
                {
                    "name": "option",
                    "description": "",
                    "type": "String"
                }
            ],
            "static": 1,
            "class": "Viewport"
        },
        {
            "file": "../src/browser/Viewport.js",
            "line": 85,
            "description": "viewport へ設定を置き換えます",
            "itemtype": "method",
            "name": "replace",
            "params": [
                {
                    "name": "old_option",
                    "description": "置換前の文字列",
                    "type": "String"
                },
                {
                    "name": "new_option",
                    "description": "置換後の文字列 optional",
                    "type": "String",
                    "optional": true
                }
            ],
            "static": 1,
            "class": "Viewport"
        },
        {
            "file": "../src/browser/Viewport.js",
            "line": 101,
            "description": "viewport タグを書き込みます",
            "itemtype": "method",
            "name": "write",
            "params": [
                {
                    "name": "viewport",
                    "description": "viewport content部Text",
                    "type": "String"
                }
            ],
            "static": 1,
            "class": "Viewport"
        },
        {
            "file": "../src/browser/Viewport.js",
            "line": 111,
            "description": "viewport content を全て書き換えます",
            "itemtype": "method",
            "name": "rewrite",
            "params": [
                {
                    "name": "content",
                    "description": "",
                    "type": "String"
                }
            ],
            "static": 1,
            "class": "Viewport"
        },
        {
            "file": "../src/browser/Viewport.js",
            "line": 122,
            "static": 1,
            "class": "Viewport"
        },
        {
            "file": "../src/browser/Viewport.js",
            "line": 127,
            "description": "target-densitydpi=device-dpi option を viewport content 属性に追加します",
            "itemtype": "method",
            "name": "targetDensity",
            "static": 1,
            "class": "Viewport.Android"
        },
        {
            "file": "../src/browser/Viewport.js",
            "line": 138,
            "static": 1,
            "class": "Viewport"
        },
        {
            "file": "../src/browser/Viewport.js",
            "line": 143,
            "description": "minimal-ui option を viewport content 属性に追加します",
            "itemtype": "method",
            "name": "minimalUI",
            "static": 1,
            "class": "Viewport.iOS"
        },
        {
            "file": "../src/browser/Viewport.js",
            "line": 154,
            "itemtype": "method",
            "name": "getMeta",
            "return": {
                "description": "meta: viewport DOMElement を返します",
                "type": "DOMElement"
            },
            "class": "Viewport"
        },
        {
            "file": "../src/events/EventDispatcher.js",
            "line": 1,
            "description": "license inazumatv.com\nauthor (at)taikiken / http://inazumatv.com\ndate 2013/12/13 - 14:26\n\nCopyright (c) 2011-2013 inazumatv.com, inc.\n\nDistributed under the terms of the MIT license.\nhttp://www.opensource.org/licenses/mit-license.html\n\nThis notice shall be included in all copies or substantial portions of the Software.",
            "class": "EventDispatcher"
        },
        {
            "file": "../src/events/EventDispatcher.js",
            "line": 61,
            "description": "Static initializer to mix in EventDispatcher methods.",
            "itemtype": "method",
            "name": "initialize",
            "static": 1,
            "params": [
                {
                    "name": "target",
                    "description": "The target object to inject EventDispatcher methods into. This can be an instance or a\nprototype.",
                    "type": "Object",
                    "optional": true
                }
            ],
            "class": "EventDispatcher"
        },
        {
            "file": "../src/events/EventDispatcher.js",
            "line": 77,
            "access": "protected",
            "tagname": "",
            "itemtype": "property",
            "name": "_listeners",
            "type": "Object",
            "class": "EventDispatcher"
        },
        {
            "file": "../src/events/EventDispatcher.js",
            "line": 85,
            "description": "Initialization method.",
            "itemtype": "method",
            "name": "initialize",
            "access": "protected",
            "tagname": "",
            "class": "EventDispatcher"
        },
        {
            "file": "../src/events/EventDispatcher.js",
            "line": 93,
            "description": "Adds the specified event listener.",
            "itemtype": "method",
            "name": "addEventListener",
            "params": [
                {
                    "name": "type",
                    "description": "The string type of the event.",
                    "type": "String"
                },
                {
                    "name": "listener",
                    "description": "An object with a handleEvent method, or a function that will be called when\nthe event is dispatched.",
                    "type": "Function | Object"
                }
            ],
            "return": {
                "description": "Returns the listener for chaining or assignment.",
                "type": "Function | Object"
            },
            "class": "EventDispatcher"
        },
        {
            "file": "../src/events/EventDispatcher.js",
            "line": 111,
            "description": "Removes the specified event listener.",
            "itemtype": "method",
            "name": "removeEventListener",
            "params": [
                {
                    "name": "type",
                    "description": "The string type of the event.",
                    "type": "String"
                },
                {
                    "name": "listener",
                    "description": "The listener function or object.",
                    "type": "Function | Object"
                }
            ],
            "class": "EventDispatcher"
        },
        {
            "file": "../src/events/EventDispatcher.js",
            "line": 131,
            "description": "Removes all listeners for the specified type, or all listeners of all types.",
            "itemtype": "method",
            "name": "removeAllEventListeners",
            "params": [
                {
                    "name": "type",
                    "description": "The string type of the event. If omitted, all listeners for all types will be removed.",
                    "type": "String",
                    "optional": true
                }
            ],
            "class": "EventDispatcher"
        },
        {
            "file": "../src/events/EventDispatcher.js",
            "line": 141,
            "description": "Dispatches the specified event.",
            "itemtype": "method",
            "name": "dispatchEvent",
            "params": [
                {
                    "name": "eventObj",
                    "description": "An object with a \"type\" property, or a string type. If a string is used,\ndispatchEvent will construct a generic event object with \"type\" and \"params\" properties.",
                    "type": "Object | String"
                },
                {
                    "name": "target",
                    "description": "The object to use as the target property of the event object. This will default to the\ndispatching object.",
                    "type": "Object",
                    "optional": true
                }
            ],
            "return": {
                "description": "Returns true if any listener returned true.",
                "type": "Boolean"
            },
            "class": "EventDispatcher"
        },
        {
            "file": "../src/events/EventDispatcher.js",
            "line": 167,
            "description": "Indicates whether there is at least one listener for the specified event type.",
            "itemtype": "method",
            "name": "hasEventListener",
            "params": [
                {
                    "name": "type",
                    "description": "The string type of the event.",
                    "type": "String"
                }
            ],
            "return": {
                "description": "Returns true if there is at least one listener for the specified event.",
                "type": "Boolean"
            },
            "class": "EventDispatcher"
        },
        {
            "file": "../src/events/EventDispatcher.js",
            "line": 178,
            "itemtype": "method",
            "name": "toString",
            "return": {
                "description": "a string representation of the instance.",
                "type": "String"
            },
            "class": "EventDispatcher"
        },
        {
            "file": "../src/events/EventObject.js",
            "line": 1,
            "description": "license inazumatv.com\nauthor (at)taikiken / http://inazumatv.com\ndate 2013/12/13 - 14:34\n\nCopyright (c) 2011-2013 inazumatv.com, inc.\n\nDistributed under the terms of the MIT license.\nhttp://www.opensource.org/licenses/mit-license.html\n\nThis notice shall be included in all copies or substantial portions of the Software.",
            "class": "EventObject"
        },
        {
            "file": "../src/events/EventObject.js",
            "line": 39,
            "description": "パラメタ取出し",
            "itemtype": "method",
            "name": "getParams",
            "return": {
                "description": "配列を返します",
                "type": "*"
            },
            "class": "EventObject"
        },
        {
            "file": "../src/Sagen.js",
            "line": 1,
            "description": "license inazumatv.com\nauthor (at)taikiken / htp://inazumatv.com\ndate 2014/02/06 - 13:17\n\nCopyright (c) 2011-2015 inazumatv.com, inc.\n\nDistributed under the terms of the MIT license.\nhttp://www.opensource.org/licenses/mit-license.html\n\n\n\n\nThis notice shall be included in all copies or substantial portions of the Software.",
            "class": "Sagen"
        },
        {
            "file": "../src/Sagen.js",
            "line": 64,
            "static": 1,
            "itemtype": "method",
            "name": "hasClass",
            "params": [
                {
                    "name": "element",
                    "description": "",
                    "type": "HTMLElement"
                },
                {
                    "name": "class_name",
                    "description": "CSS class name",
                    "type": "String"
                }
            ],
            "return": {
                "description": "指定 CSS class が存在するか否かの真偽値を返します",
                "type": "Boolean"
            },
            "class": "Sagen",
            "module": "Sagen"
        },
        {
            "file": "../src/Sagen.js",
            "line": 77,
            "static": 1,
            "itemtype": "method",
            "name": "addClass",
            "params": [
                {
                    "name": "element",
                    "description": "対象 tag element",
                    "type": "HTMLElement"
                },
                {
                    "name": "class_name",
                    "description": "追加 CSS class name, 1件だけ指定可能です",
                    "type": "String"
                }
            ],
            "return": {
                "description": "追加後の CSS class を返します",
                "type": "String"
            },
            "class": "Sagen",
            "module": "Sagen"
        },
        {
            "file": "../src/Sagen.js",
            "line": 97,
            "static": 1,
            "itemtype": "method",
            "name": "removeClass",
            "params": [
                {
                    "name": "element",
                    "description": "対象 tag element",
                    "type": "HTMLElement"
                },
                {
                    "name": "class_name",
                    "description": "削除 CSS class name, 1件だけ指定可能です",
                    "type": "String"
                }
            ],
            "return": {
                "description": "削除後の CSS class を返します",
                "type": "String"
            },
            "class": "Sagen",
            "module": "Sagen"
        },
        {
            "file": "../src/Sagen.js",
            "line": 206,
            "static": 1,
            "itemtype": "method",
            "name": "orientation",
            "return": {
                "description": "orientation checkするか否かの真偽値",
                "type": "Boolean"
            },
            "class": "Sagen",
            "module": "Sagen"
        },
        {
            "file": "../src/Sagen.js",
            "line": 216,
            "static": 1,
            "itemtype": "method",
            "name": "android",
            "return": {
                "description": "android checkするか否かの真偽値",
                "type": "Boolean"
            },
            "class": "Sagen",
            "module": "Sagen"
        },
        {
            "file": "../src/Sagen.js",
            "line": 226,
            "static": 1,
            "itemtype": "method",
            "name": "ios",
            "return": {
                "description": "ios checkするか否かの真偽値",
                "type": "Boolean"
            },
            "class": "Sagen",
            "module": "Sagen"
        },
        {
            "file": "../src/Sagen.js",
            "line": 236,
            "static": 1,
            "itemtype": "method",
            "name": "canvas",
            "return": {
                "description": "canvas checkするか否かの真偽値",
                "type": "Boolean"
            },
            "class": "Sagen",
            "module": "Sagen"
        },
        {
            "file": "../src/Sagen.js",
            "line": 246,
            "static": 1,
            "itemtype": "method",
            "name": "browser",
            "return": {
                "description": "Browser checkするか否かの真偽値",
                "type": "Boolean"
            },
            "class": "Sagen",
            "module": "Sagen"
        },
        {
            "file": "../src/Sagen.js",
            "line": 255,
            "static": 1,
            "itemtype": "method",
            "name": "transition",
            "return": {
                "description": "CSS3 transition checkするか否かの真偽値",
                "type": "Boolean"
            },
            "class": "Sagen",
            "module": "Sagen"
        },
        {
            "file": "../src/Sagen.js",
            "line": 265,
            "static": 1,
            "itemtype": "method",
            "name": "transform",
            "return": {
                "description": "CSS3 transform checkするか否かの真偽値",
                "type": "Boolean"
            },
            "class": "Sagen",
            "module": "Sagen"
        },
        {
            "file": "../src/version.js",
            "line": 14,
            "description": "The version string for this release.",
            "itemtype": "property",
            "name": "version",
            "type": "String",
            "static": 1,
            "class": "Sagen",
            "module": "Sagen"
        },
        {
            "file": "../src/version.js",
            "line": 22,
            "description": "The build date for this release in UTC format.",
            "itemtype": "property",
            "name": "buildDate",
            "type": "String",
            "static": 1,
            "class": "Sagen",
            "module": "Sagen"
        }
    ],
    "warnings": [
        {
            "message": "replacing incorrect tag: returns with return",
            "line": " ../src/browser/Browser.js:87"
        },
        {
            "message": "replacing incorrect tag: returns with return",
            "line": " ../src/browser/Browser.js:107"
        },
        {
            "message": "replacing incorrect tag: returns with return",
            "line": " ../src/browser/Browser.js:127"
        },
        {
            "message": "replacing incorrect tag: returns with return",
            "line": " ../src/browser/Browser.js:200"
        },
        {
            "message": "replacing incorrect tag: returns with return",
            "line": " ../src/browser/Browser.js:209"
        },
        {
            "message": "replacing incorrect tag: returns with return",
            "line": " ../src/browser/Browser.js:218"
        },
        {
            "message": "replacing incorrect tag: returns with return",
            "line": " ../src/browser/Browser.js:227"
        },
        {
            "message": "replacing incorrect tag: returns with return",
            "line": " ../src/browser/Browser.js:236"
        },
        {
            "message": "replacing incorrect tag: returns with return",
            "line": " ../src/browser/Browser.js:245"
        },
        {
            "message": "replacing incorrect tag: returns with return",
            "line": " ../src/browser/Browser.js:254"
        },
        {
            "message": "replacing incorrect tag: returns with return",
            "line": " ../src/browser/Browser.js:263"
        },
        {
            "message": "replacing incorrect tag: returns with return",
            "line": " ../src/browser/Browser.js:281"
        },
        {
            "message": "replacing incorrect tag: returns with return",
            "line": " ../src/browser/Browser.js:290"
        },
        {
            "message": "replacing incorrect tag: returns with return",
            "line": " ../src/browser/Browser.js:299"
        },
        {
            "message": "replacing incorrect tag: returns with return",
            "line": " ../src/browser/Browser.js:308"
        },
        {
            "message": "replacing incorrect tag: returns with return",
            "line": " ../src/browser/Browser.js:317"
        },
        {
            "message": "replacing incorrect tag: returns with return",
            "line": " ../src/browser/Browser.js:326"
        },
        {
            "message": "replacing incorrect tag: returns with return",
            "line": " ../src/browser/Browser.js:335"
        },
        {
            "message": "replacing incorrect tag: returns with return",
            "line": " ../src/browser/Browser.js:353"
        },
        {
            "message": "replacing incorrect tag: returns with return",
            "line": " ../src/browser/Browser.js:362"
        },
        {
            "message": "replacing incorrect tag: returns with return",
            "line": " ../src/browser/Browser.js:370"
        },
        {
            "message": "replacing incorrect tag: returns with return",
            "line": " ../src/browser/Browser.js:378"
        },
        {
            "message": "replacing incorrect tag: returns with return",
            "line": " ../src/browser/Browser.js:386"
        },
        {
            "message": "replacing incorrect tag: returns with return",
            "line": " ../src/browser/Browser.js:394"
        },
        {
            "message": "replacing incorrect tag: returns with return",
            "line": " ../src/browser/Browser.js:402"
        },
        {
            "message": "replacing incorrect tag: returns with return",
            "line": " ../src/browser/Browser.js:410"
        },
        {
            "message": "replacing incorrect tag: returns with return",
            "line": " ../src/browser/Browser.js:418"
        },
        {
            "message": "replacing incorrect tag: returns with return",
            "line": " ../src/browser/Browser.js:450"
        },
        {
            "message": "replacing incorrect tag: returns with return",
            "line": " ../src/browser/Browser.js:459"
        },
        {
            "message": "replacing incorrect tag: returns with return",
            "line": " ../src/browser/Browser.js:476"
        },
        {
            "message": "replacing incorrect tag: returns with return",
            "line": " ../src/browser/Browser.js:485"
        },
        {
            "message": "replacing incorrect tag: returns with return",
            "line": " ../src/browser/Browser.js:494"
        },
        {
            "message": "replacing incorrect tag: returns with return",
            "line": " ../src/browser/Browser.js:503"
        },
        {
            "message": "replacing incorrect tag: returns with return",
            "line": " ../src/browser/Browser.js:521"
        },
        {
            "message": "replacing incorrect tag: returns with return",
            "line": " ../src/browser/Browser.js:539"
        },
        {
            "message": "replacing incorrect tag: returns with return",
            "line": " ../src/browser/Browser.js:557"
        },
        {
            "message": "replacing incorrect tag: returns with return",
            "line": " ../src/browser/Browser.js:584"
        },
        {
            "message": "replacing incorrect tag: returns with return",
            "line": " ../src/browser/Browser.js:593"
        },
        {
            "message": "replacing incorrect tag: returns with return",
            "line": " ../src/browser/Browser.js:611"
        },
        {
            "message": "replacing incorrect tag: returns with return",
            "line": " ../src/browser/Browser.js:620"
        },
        {
            "message": "replacing incorrect tag: returns with return",
            "line": " ../src/browser/Device.js:386"
        },
        {
            "message": "replacing incorrect tag: returns with return",
            "line": " ../src/browser/Viewport.js:46"
        },
        {
            "message": "replacing incorrect tag: returns with return",
            "line": " ../src/browser/Viewport.js:154"
        },
        {
            "message": "replacing incorrect tag: returns with return",
            "line": " ../src/events/EventObject.js:39"
        },
        {
            "message": "replacing incorrect tag: returns with return",
            "line": " ../src/Sagen.js:64"
        },
        {
            "message": "replacing incorrect tag: returns with return",
            "line": " ../src/Sagen.js:77"
        },
        {
            "message": "replacing incorrect tag: returns with return",
            "line": " ../src/Sagen.js:97"
        },
        {
            "message": "replacing incorrect tag: returns with return",
            "line": " ../src/Sagen.js:206"
        },
        {
            "message": "replacing incorrect tag: returns with return",
            "line": " ../src/Sagen.js:216"
        },
        {
            "message": "replacing incorrect tag: returns with return",
            "line": " ../src/Sagen.js:226"
        },
        {
            "message": "replacing incorrect tag: returns with return",
            "line": " ../src/Sagen.js:236"
        },
        {
            "message": "Missing item type\nlicense inazumatv.com\nauthor (at)taikiken / http://inazumatv.com\ndate 2013/12/12 - 17:25\n\nCopyright (c) 2011-2013 inazumatv.com, inc.\n\nDistributed under the terms of the MIT license.\nhttp://www.opensource.org/licenses/mit-license.html\n\nThis notice shall be included in all copies or substantial portions of the Software.\n\nBrowser class from inazumatv.util",
            "line": " ../src/browser/Browser.js:1"
        },
        {
            "message": "Missing item type\nSafari version detection",
            "line": " ../src/browser/Browser.js:127"
        },
        {
            "message": "Missing item type",
            "line": " ../src/browser/Browser.js:186"
        },
        {
            "message": "Missing item type\nlicense inazumatv.com\nauthor (at)taikiken / htp://inazumatv.com\ndate 2014/02/06 - 13:55\n\nCopyright (c) 2011-2014 inazumatv.com, inc.\n\nDistributed under the terms of the MIT license.\nhttp://www.opensource.org/licenses/mit-license.html\n\nThis notice shall be included in all copies or substantial portions of the Software.",
            "line": " ../src/browser/Device.js:1"
        },
        {
            "message": "Missing item type\nlicense inazumatv.com\nauthor (at)taikiken / htp://inazumatv.com\ndate 2014/02/06 - 13:30\n\nCopyright (c) 2011-2014 inazumatv.com, inc.\n\nDistributed under the terms of the MIT license.\nhttp://www.opensource.org/licenses/mit-license.html\n\nThis notice shall be included in all copies or substantial portions of the Software.",
            "line": " ../src/browser/Viewport.js:1"
        },
        {
            "message": "Missing item type",
            "line": " ../src/browser/Viewport.js:46"
        },
        {
            "message": "Missing item type",
            "line": " ../src/browser/Viewport.js:122"
        },
        {
            "message": "Missing item type",
            "line": " ../src/browser/Viewport.js:138"
        },
        {
            "message": "Missing item type\nlicense inazumatv.com\nauthor (at)taikiken / http://inazumatv.com\ndate 2013/12/13 - 14:26\n\nCopyright (c) 2011-2013 inazumatv.com, inc.\n\nDistributed under the terms of the MIT license.\nhttp://www.opensource.org/licenses/mit-license.html\n\nThis notice shall be included in all copies or substantial portions of the Software.",
            "line": " ../src/events/EventDispatcher.js:1"
        },
        {
            "message": "Missing item type\nlicense inazumatv.com\nauthor (at)taikiken / http://inazumatv.com\ndate 2013/12/13 - 14:34\n\nCopyright (c) 2011-2013 inazumatv.com, inc.\n\nDistributed under the terms of the MIT license.\nhttp://www.opensource.org/licenses/mit-license.html\n\nThis notice shall be included in all copies or substantial portions of the Software.",
            "line": " ../src/events/EventObject.js:1"
        },
        {
            "message": "Missing item type\nlicense inazumatv.com\nauthor (at)taikiken / htp://inazumatv.com\ndate 2014/02/06 - 13:17\n\nCopyright (c) 2011-2015 inazumatv.com, inc.\n\nDistributed under the terms of the MIT license.\nhttp://www.opensource.org/licenses/mit-license.html\n\n\n\n\nThis notice shall be included in all copies or substantial portions of the Software.",
            "line": " ../src/Sagen.js:1"
        }
    ]
}