{
    "project": {
        "name": "Sagen",
        "version": "0.1.0",
        "description": "JavaScript, device check and viewport rewrite",
        "url": "",
        "logo": ""
    },
    "files": {
        "../src/browser/Browser.js": {
            "name": "../src/browser/Browser.js",
            "modules": {},
            "classes": {
                "Browser": 1
            },
            "fors": {
                "Browser": 1,
                "Browser.iOS": 1,
                "Browser.Android": 1,
                "Browser.IE": 1,
                "Browser.Chrome": 1,
                "Browser.Safari": 1,
                "Browser.Firefox": 1,
                "Browser.Touch": 1,
                "Browser.Mobile": 1,
                "Browser.Canvas": 1
            },
            "namespaces": {}
        },
        "../src/browser/Device.js": {
            "name": "../src/browser/Device.js",
            "modules": {},
            "classes": {
                "Device": 1
            },
            "fors": {
                "Device": 1
            },
            "namespaces": {}
        },
        "../src/browser/Viewport.js": {
            "name": "../src/browser/Viewport.js",
            "modules": {},
            "classes": {
                "Viewport": 1
            },
            "fors": {
                "Viewport": 1,
                "Viewport.Android": 1,
                "Viewport.iOS": 1
            },
            "namespaces": {}
        },
        "../src/Sagen.js": {
            "name": "../src/Sagen.js",
            "modules": {},
            "classes": {},
            "fors": {
                "Sagen": 1
            },
            "namespaces": {}
        },
        "../src/version.js": {
            "name": "../src/version.js",
            "modules": {
                "Sagen": 1
            },
            "classes": {
                "Sagen": 1
            },
            "fors": {},
            "namespaces": {}
        }
    },
    "modules": {
        "Sagen": {
            "name": "Sagen",
            "submodules": {},
            "classes": {
                "Browser": 1,
                "Browser.iOS": 1,
                "Browser.Android": 1,
                "Browser.IE": 1,
                "Browser.Chrome": 1,
                "Browser.Safari": 1,
                "Browser.Firefox": 1,
                "Browser.Touch": 1,
                "Browser.Mobile": 1,
                "Browser.Canvas": 1,
                "Device": 1,
                "Viewport": 1,
                "Viewport.Android": 1,
                "Viewport.iOS": 1,
                "Sagen": 1
            },
            "fors": {},
            "namespaces": {},
            "tag": "module",
            "file": "../src/version.js",
            "line": 7
        }
    },
    "classes": {
        "Browser": {
            "name": "Browser",
            "shortname": "Browser",
            "classitems": [],
            "plugins": [],
            "extensions": [],
            "plugin_for": [],
            "extension_for": [],
            "module": "Sagen",
            "file": "../src/browser/Browser.js",
            "line": 128,
            "description": "Browser 情報を管理します",
            "is_constructor": 1
        },
        "Browser.iOS": {
            "name": "Browser.iOS",
            "shortname": "Browser.iOS",
            "classitems": [],
            "plugins": [],
            "extensions": [],
            "plugin_for": [],
            "extension_for": [],
            "module": "Sagen"
        },
        "Browser.Android": {
            "name": "Browser.Android",
            "shortname": "Browser.Android",
            "classitems": [],
            "plugins": [],
            "extensions": [],
            "plugin_for": [],
            "extension_for": [],
            "module": "Sagen"
        },
        "Browser.IE": {
            "name": "Browser.IE",
            "shortname": "Browser.IE",
            "classitems": [],
            "plugins": [],
            "extensions": [],
            "plugin_for": [],
            "extension_for": [],
            "module": "Sagen"
        },
        "Browser.Chrome": {
            "name": "Browser.Chrome",
            "shortname": "Browser.Chrome",
            "classitems": [],
            "plugins": [],
            "extensions": [],
            "plugin_for": [],
            "extension_for": [],
            "module": "Sagen"
        },
        "Browser.Safari": {
            "name": "Browser.Safari",
            "shortname": "Browser.Safari",
            "classitems": [],
            "plugins": [],
            "extensions": [],
            "plugin_for": [],
            "extension_for": [],
            "module": "Sagen"
        },
        "Browser.Firefox": {
            "name": "Browser.Firefox",
            "shortname": "Browser.Firefox",
            "classitems": [],
            "plugins": [],
            "extensions": [],
            "plugin_for": [],
            "extension_for": [],
            "module": "Sagen"
        },
        "Browser.Touch": {
            "name": "Browser.Touch",
            "shortname": "Browser.Touch",
            "classitems": [],
            "plugins": [],
            "extensions": [],
            "plugin_for": [],
            "extension_for": [],
            "module": "Sagen"
        },
        "Browser.Mobile": {
            "name": "Browser.Mobile",
            "shortname": "Browser.Mobile",
            "classitems": [],
            "plugins": [],
            "extensions": [],
            "plugin_for": [],
            "extension_for": [],
            "module": "Sagen"
        },
        "Browser.Canvas": {
            "name": "Browser.Canvas",
            "shortname": "Browser.Canvas",
            "classitems": [],
            "plugins": [],
            "extensions": [],
            "plugin_for": [],
            "extension_for": [],
            "module": "Sagen"
        },
        "Device": {
            "name": "Device",
            "shortname": "Device",
            "classitems": [],
            "plugins": [],
            "extensions": [],
            "plugin_for": [],
            "extension_for": [],
            "module": "Sagen",
            "file": "../src/browser/Device.js",
            "line": 145,
            "description": "Device 情報に基づきhtml tagへCSSクラスネームを書き込みます",
            "is_constructor": 1
        },
        "Viewport": {
            "name": "Viewport",
            "shortname": "Viewport",
            "classitems": [],
            "plugins": [],
            "extensions": [],
            "plugin_for": [],
            "extension_for": [],
            "module": "Sagen",
            "file": "../src/browser/Viewport.js",
            "line": 62,
            "description": "Viewport 情報を管理します",
            "is_constructor": 1
        },
        "Viewport.Android": {
            "name": "Viewport.Android",
            "shortname": "Viewport.Android",
            "classitems": [],
            "plugins": [],
            "extensions": [],
            "plugin_for": [],
            "extension_for": [],
            "module": "Sagen"
        },
        "Viewport.iOS": {
            "name": "Viewport.iOS",
            "shortname": "Viewport.iOS",
            "classitems": [],
            "plugins": [],
            "extensions": [],
            "plugin_for": [],
            "extension_for": [],
            "module": "Sagen"
        },
        "Sagen": {
            "name": "Sagen",
            "shortname": "Sagen",
            "classitems": [],
            "plugins": [],
            "extensions": [],
            "plugin_for": [],
            "extension_for": [],
            "module": "Sagen",
            "file": "../src/version.js",
            "line": 7,
            "description": "Static class holding library specific information such as the version and buildDate of\nthe library."
        }
    },
    "classitems": [
        {
            "file": "../src/browser/Browser.js",
            "line": 1,
            "description": "license inazumatv.com\nauthor (at)taikiken / http://inazumatv.com\ndate 2013/12/12 - 17:25\n\nCopyright (c) 2011-2013 inazumatv.com, inc.\n\nDistributed under the terms of the MIT license.\nhttp://www.opensource.org/licenses/mit-license.html\n\nThis notice shall be included in all copies or substantial portions of the Software.\n\nBrowser class from inazumatv.util",
            "class": "Browser"
        },
        {
            "file": "../src/browser/Browser.js",
            "line": 69,
            "description": "iOS version detection",
            "itemtype": "method",
            "name": "_iosVersion",
            "return": {
                "description": "iOS version 配列 3桁",
                "type": "Array"
            },
            "access": "private",
            "tagname": "",
            "class": "Browser"
        },
        {
            "file": "../src/browser/Browser.js",
            "line": 89,
            "description": "Android version detection",
            "itemtype": "method",
            "name": "_get_androidVersion",
            "return": {
                "description": "Android version 配列 3桁",
                "type": "Array"
            },
            "access": "private",
            "tagname": "",
            "class": "Browser"
        },
        {
            "file": "../src/browser/Browser.js",
            "line": 109,
            "description": "Safari version detection",
            "return": {
                "description": "Safari version 配列 2桁~3桁",
                "type": "Array"
            },
            "access": "private",
            "tagname": "",
            "class": "Browser"
        },
        {
            "file": "../src/browser/Browser.js",
            "line": 137,
            "type": "{{iOS: {is: Function, number: Function, major: Function, version: Function}, Android: {is: Function, number: Function, major: Function, version: Function}, IE: {is: Function, version: Function}, Chrome: {is: Function}, Safari: {is: Function}, Firefox: {is: Function}, _ie: Function, _ie6: Function, _ie7: Function, _ie8: Function, _ie9: Function, _ie10: Function, _ie11: Function, _chrome: Function, _firefox: Function, _safari: Function, _legacy: Function, _mobile: Function, _ios: Function, _ios_version: Function, _android_version: Function, _android_version_major: Function, _android_version_num: Function, _android: Function, _iphone: Function, _ipad: Function, _ipod: Function, hideURLBar: Function}}",
            "class": "Browser"
        },
        {
            "file": "../src/browser/Browser.js",
            "line": 143,
            "description": "iOS に関する情報",
            "itemtype": "property",
            "name": "iOS",
            "type": "Object",
            "static": 1,
            "class": "Browser"
        },
        {
            "file": "../src/browser/Browser.js",
            "line": 151,
            "itemtype": "method",
            "name": "is",
            "return": {
                "description": "iOS か否かを返します",
                "type": "Boolean"
            },
            "static": 1,
            "class": "Browser.iOS"
        },
        {
            "file": "../src/browser/Browser.js",
            "line": 160,
            "itemtype": "method",
            "name": "number",
            "return": {
                "description": "iOS version number を返します [ major, minor, build ]",
                "type": "Array"
            },
            "static": 1,
            "class": "Browser.iOS"
        },
        {
            "file": "../src/browser/Browser.js",
            "line": 169,
            "itemtype": "method",
            "name": "major",
            "return": {
                "description": "iOS major version number を返します",
                "type": "Number"
            },
            "static": 1,
            "class": "Browser.iOS"
        },
        {
            "file": "../src/browser/Browser.js",
            "line": 178,
            "itemtype": "method",
            "name": "version",
            "return": {
                "description": "iOS version を返します 9.99",
                "type": "Number"
            },
            "static": 1,
            "class": "Browser.iOS"
        },
        {
            "file": "../src/browser/Browser.js",
            "line": 187,
            "itemtype": "method",
            "name": "iPhone",
            "return": {
                "description": "iPhone か否かを返します",
                "type": "Boolean"
            },
            "static": 1,
            "class": "Browser.iOS"
        },
        {
            "file": "../src/browser/Browser.js",
            "line": 196,
            "itemtype": "method",
            "name": "iPad",
            "return": {
                "description": "iPad か否かを返します",
                "type": "Boolean"
            },
            "static": 1,
            "class": "Browser.iOS"
        },
        {
            "file": "../src/browser/Browser.js",
            "line": 205,
            "itemtype": "method",
            "name": "iPod",
            "return": {
                "description": "iPod か否かを返します",
                "type": "Boolean"
            },
            "static": 1,
            "class": "Browser.iOS"
        },
        {
            "file": "../src/browser/Browser.js",
            "line": 214,
            "itemtype": "method",
            "name": "fullScreen",
            "return": {
                "description": "standalone mode か否かを返します",
                "type": "Boolean"
            },
            "static": 1,
            "class": "Browser.iOS"
        },
        {
            "file": "../src/browser/Browser.js",
            "line": 224,
            "description": "Android に関する情報",
            "itemtype": "property",
            "name": "Android",
            "type": "Object",
            "static": 1,
            "class": "Browser"
        },
        {
            "file": "../src/browser/Browser.js",
            "line": 232,
            "itemtype": "method",
            "name": "is",
            "return": {
                "description": "Android か否かを返します",
                "type": "Boolean"
            },
            "static": 1,
            "class": "Browser.Android"
        },
        {
            "file": "../src/browser/Browser.js",
            "line": 241,
            "itemtype": "method",
            "name": "number",
            "return": {
                "description": "Android version number を返します [ major, minor, build ]",
                "type": "Array"
            },
            "static": 1,
            "class": "Browser.Android"
        },
        {
            "file": "../src/browser/Browser.js",
            "line": 250,
            "itemtype": "method",
            "name": "major",
            "return": {
                "description": "Android major version number を返します",
                "type": "Number"
            },
            "static": 1,
            "class": "Browser.Android"
        },
        {
            "file": "../src/browser/Browser.js",
            "line": 259,
            "itemtype": "method",
            "name": "version",
            "return": {
                "description": "Android version を返します 9.99",
                "type": "Number"
            },
            "static": 1,
            "class": "Browser.Android"
        },
        {
            "file": "../src/browser/Browser.js",
            "line": 268,
            "itemtype": "method",
            "name": "phone",
            "return": {
                "description": "Android Phone か否かを返します",
                "type": "Boolean"
            },
            "static": 1,
            "class": "Browser.Android"
        },
        {
            "file": "../src/browser/Browser.js",
            "line": 277,
            "itemtype": "method",
            "name": "tablet",
            "return": {
                "description": "Android Tablet か否かを返します",
                "type": "Boolean"
            },
            "static": 1,
            "class": "Browser.Android"
        },
        {
            "file": "../src/browser/Browser.js",
            "line": 287,
            "description": "IE に関する情報",
            "itemtype": "property",
            "name": "IE",
            "type": "Object",
            "static": 1,
            "class": "Browser"
        },
        {
            "file": "../src/browser/Browser.js",
            "line": 295,
            "itemtype": "method",
            "name": "is",
            "return": {
                "description": "IE か否かを返します",
                "type": "Boolean"
            },
            "static": 1,
            "class": "Browser.IE"
        },
        {
            "file": "../src/browser/Browser.js",
            "line": 304,
            "itemtype": "method",
            "name": "is6",
            "return": {
                "description": "IE 6 か否かを返します",
                "type": "Boolean"
            },
            "class": "Browser.IE"
        },
        {
            "file": "../src/browser/Browser.js",
            "line": 312,
            "itemtype": "method",
            "name": "is7",
            "return": {
                "description": "IE 7 か否かを返します",
                "type": "Boolean"
            },
            "class": "Browser.IE"
        },
        {
            "file": "../src/browser/Browser.js",
            "line": 320,
            "itemtype": "method",
            "name": "is8",
            "return": {
                "description": "IE 8 か否かを返します",
                "type": "Boolean"
            },
            "class": "Browser.IE"
        },
        {
            "file": "../src/browser/Browser.js",
            "line": 328,
            "itemtype": "method",
            "name": "is9",
            "return": {
                "description": "IE 9 か否かを返します",
                "type": "Boolean"
            },
            "class": "Browser.IE"
        },
        {
            "file": "../src/browser/Browser.js",
            "line": 336,
            "itemtype": "method",
            "name": "is10",
            "return": {
                "description": "IE 10 か否かを返します",
                "type": "Boolean"
            },
            "class": "Browser.IE"
        },
        {
            "file": "../src/browser/Browser.js",
            "line": 344,
            "itemtype": "method",
            "name": "is11",
            "return": {
                "description": "IE 11 か否かを返します",
                "type": "Boolean"
            },
            "class": "Browser.IE"
        },
        {
            "file": "../src/browser/Browser.js",
            "line": 352,
            "itemtype": "method",
            "name": "_legacy",
            "return": {
                "description": "IE 6 or 7 or 8 か否かを返します",
                "type": "Boolean"
            },
            "class": "Browser.IE"
        },
        {
            "file": "../src/browser/Browser.js",
            "line": 360,
            "itemtype": "method",
            "name": "version",
            "return": {
                "description": "IE version を返します int 6 ~ 11, IE 6 ~ IE 11 でない場合は -1 を返します",
                "type": "Number"
            },
            "static": 1,
            "class": "Browser.IE"
        },
        {
            "file": "../src/browser/Browser.js",
            "line": 384,
            "description": "Chrome に関する情報",
            "itemtype": "property",
            "name": "Chrome",
            "type": "Object",
            "static": 1,
            "class": "Browser"
        },
        {
            "file": "../src/browser/Browser.js",
            "line": 392,
            "itemtype": "method",
            "name": "is",
            "return": {
                "description": "Chrome か否かを返します",
                "type": "Boolean"
            },
            "static": 1,
            "class": "Browser.Chrome"
        },
        {
            "file": "../src/browser/Browser.js",
            "line": 402,
            "description": "Safari に関する情報",
            "itemtype": "property",
            "name": "Safari",
            "type": "Object",
            "static": 1,
            "class": "Browser"
        },
        {
            "file": "../src/browser/Browser.js",
            "line": 410,
            "itemtype": "method",
            "name": "is",
            "return": {
                "description": "Safari か否かを返します",
                "type": "Boolean"
            },
            "static": 1,
            "class": "Browser.Safari"
        },
        {
            "file": "../src/browser/Browser.js",
            "line": 419,
            "itemtype": "method",
            "name": "number",
            "return": {
                "description": "Safari version number を返します [ major, minor, build ]",
                "type": "Array"
            },
            "static": 1,
            "class": "Browser.Safari"
        },
        {
            "file": "../src/browser/Browser.js",
            "line": 428,
            "itemtype": "method",
            "name": "major",
            "return": {
                "description": "Safari major version number を返します",
                "type": "Number"
            },
            "static": 1,
            "class": "Browser.Safari"
        },
        {
            "file": "../src/browser/Browser.js",
            "line": 437,
            "itemtype": "method",
            "name": "version",
            "return": {
                "description": "Safari version を返します 9.99",
                "type": "Number"
            },
            "static": 1,
            "class": "Browser.Safari"
        },
        {
            "file": "../src/browser/Browser.js",
            "line": 447,
            "description": "Firefox に関する情報",
            "itemtype": "property",
            "name": "Firefox",
            "type": "Object",
            "static": 1,
            "class": "Browser"
        },
        {
            "file": "../src/browser/Browser.js",
            "line": 455,
            "itemtype": "method",
            "name": "is",
            "return": {
                "description": "Firefox か否かを返します",
                "type": "Boolean"
            },
            "static": 1,
            "class": "Browser.Firefox"
        },
        {
            "file": "../src/browser/Browser.js",
            "line": 465,
            "description": "Touch action に関する情報",
            "itemtype": "property",
            "name": "Touch",
            "type": "Object",
            "static": 1,
            "class": "Browser"
        },
        {
            "file": "../src/browser/Browser.js",
            "line": 473,
            "itemtype": "method",
            "name": "is",
            "return": {
                "description": "Touch 可能か否かを返します",
                "type": "Boolean"
            },
            "static": 1,
            "class": "Browser.Touch"
        },
        {
            "file": "../src/browser/Browser.js",
            "line": 483,
            "description": "Mobile action に関する情報",
            "itemtype": "property",
            "name": "Mobile",
            "type": "Object",
            "static": 1,
            "class": "Browser"
        },
        {
            "file": "../src/browser/Browser.js",
            "line": 491,
            "itemtype": "method",
            "name": "is",
            "return": {
                "description": "mobile(smart phone) か否かを返します",
                "type": "Boolean"
            },
            "static": 1,
            "class": "Browser.Mobile"
        },
        {
            "file": "../src/browser/Browser.js",
            "line": 500,
            "description": "iPhone, Android phone. URL bar 下へスクロールさせます。<br>\nwindow.onload 後に実行します。<br>\niOS 7 mobile Safari, Android Chrome and iOS Chrome では動作しません。\n\n    function onLoad () {\n         window.removeEventListener( \"load\", onLoad );\n         Browser.Mobile.hideURLBar();\n    }\n    window.addEventListener( \"load\", onLoad, false );",
            "itemtype": "method",
            "name": "hideURLBar",
            "static": 1,
            "class": "Browser.Mobile"
        },
        {
            "file": "../src/browser/Browser.js",
            "line": 518,
            "itemtype": "method",
            "name": "phone",
            "return": {
                "description": "Smart Phone(include iPod)か否かを返します",
                "type": "Boolean"
            },
            "class": "Browser.Mobile"
        },
        {
            "file": "../src/browser/Browser.js",
            "line": 526,
            "itemtype": "method",
            "name": "tablet",
            "return": {
                "description": "tablet か否かを返します",
                "type": "Boolean"
            },
            "class": "Browser.Mobile"
        },
        {
            "file": "../src/browser/Browser.js",
            "line": 535,
            "description": "Canvas に関する情報",
            "itemtype": "property",
            "name": "Canvas",
            "type": "Object",
            "static": 1,
            "class": "Browser"
        },
        {
            "file": "../src/browser/Browser.js",
            "line": 543,
            "itemtype": "method",
            "name": "is",
            "return": {
                "description": "canvas 2D が使用可能か否かを返します",
                "type": "Boolean"
            },
            "static": 1,
            "class": "Browser.Canvas"
        },
        {
            "file": "../src/browser/Browser.js",
            "line": 552,
            "itemtype": "method",
            "name": "webgl",
            "return": {
                "description": "canvas webgl 使用可能か否かを返します",
                "type": "Boolean"
            },
            "static": 1,
            "class": "Browser.Canvas"
        },
        {
            "file": "../src/browser/Device.js",
            "line": 1,
            "description": "license inazumatv.com\nauthor (at)taikiken / htp://inazumatv.com\ndate 2014/02/06 - 13:55\n\nCopyright (c) 2011-2014 inazumatv.com, inc.\n\nDistributed under the terms of the MIT license.\nhttp://www.opensource.org/licenses/mit-license.html\n\nThis notice shall be included in all copies or substantial portions of the Software.",
            "class": "Device"
        },
        {
            "file": "../src/browser/Device.js",
            "line": 155,
            "description": "orientation 監視を開始します。",
            "itemtype": "method",
            "name": "listen",
            "static": 1,
            "class": "Device"
        },
        {
            "file": "../src/browser/Device.js",
            "line": 168,
            "description": "orientation 監視を止めます。",
            "itemtype": "method",
            "name": "abort",
            "static": 1,
            "class": "Device"
        },
        {
            "file": "../src/browser/Device.js",
            "line": 180,
            "description": "portraitか否かを返します。",
            "itemtype": "method",
            "name": "portrait",
            "return": {
                "description": "portraitならばtrue",
                "type": "Boolean"
            },
            "static": 1,
            "class": "Device"
        },
        {
            "file": "../src/browser/Device.js",
            "line": 190,
            "description": "landscapeか否かを返します。",
            "itemtype": "method",
            "name": "landscape",
            "return": {
                "description": "landscapeならばtrue",
                "type": "Boolean"
            },
            "static": 1,
            "class": "Device"
        },
        {
            "file": "../src/browser/Device.js",
            "line": 200,
            "description": "canvas, webglが使用可能かを調べcss classを書き込みます",
            "itemtype": "method",
            "name": "canvas",
            "static": 1,
            "class": "Device"
        },
        {
            "file": "../src/browser/Device.js",
            "line": 218,
            "description": "orientation が変更されると実行されます。\n上書きし使用します。\nfor Device",
            "itemtype": "method",
            "name": "onOrientation",
            "static": 1,
            "class": "Device"
        },
        {
            "file": "../src/browser/Viewport.js",
            "line": 1,
            "description": "license inazumatv.com\nauthor (at)taikiken / htp://inazumatv.com\ndate 2014/02/06 - 13:30\n\nCopyright (c) 2011-2014 inazumatv.com, inc.\n\nDistributed under the terms of the MIT license.\nhttp://www.opensource.org/licenses/mit-license.html\n\nThis notice shall be included in all copies or substantial portions of the Software.",
            "class": "Viewport"
        },
        {
            "file": "../src/browser/Viewport.js",
            "line": 46,
            "params": [
                {
                    "name": "content",
                    "description": "",
                    "type": "String"
                }
            ],
            "return": {
                "description": "",
                "type": "HTMLElement"
            },
            "access": "private",
            "tagname": "",
            "class": "Viewport"
        },
        {
            "file": "../src/browser/Viewport.js",
            "line": 72,
            "description": "viewport へ設定を追加します",
            "itemtype": "method",
            "name": "add",
            "params": [
                {
                    "name": "option",
                    "description": "",
                    "type": "String"
                }
            ],
            "static": 1,
            "class": "Viewport"
        },
        {
            "file": "../src/browser/Viewport.js",
            "line": 84,
            "description": "viewport へ設定を置き換えます",
            "itemtype": "method",
            "name": "replace",
            "params": [
                {
                    "name": "old_option",
                    "description": "置換前の文字列",
                    "type": "String"
                },
                {
                    "name": "new_option",
                    "description": "置換後の文字列 optional",
                    "type": "String",
                    "optional": true
                }
            ],
            "static": 1,
            "class": "Viewport"
        },
        {
            "file": "../src/browser/Viewport.js",
            "line": 99,
            "description": "viewport タグを書き込みます",
            "itemtype": "method",
            "name": "write",
            "params": [
                {
                    "name": "viewport",
                    "description": "viewport content部Text",
                    "type": "String"
                }
            ],
            "static": 1,
            "class": "Viewport"
        },
        {
            "file": "../src/browser/Viewport.js",
            "line": 110,
            "static": 1,
            "class": "Viewport"
        },
        {
            "file": "../src/browser/Viewport.js",
            "line": 115,
            "description": "target-densitydpi=device-dpi option を viewport content 属性に追加します",
            "itemtype": "method",
            "name": "targetDensity",
            "static": 1,
            "class": "Viewport.Android"
        },
        {
            "file": "../src/browser/Viewport.js",
            "line": 125,
            "static": 1,
            "class": "Viewport"
        },
        {
            "file": "../src/browser/Viewport.js",
            "line": 130,
            "description": "minimal-ui option を viewport content 属性に追加します",
            "itemtype": "method",
            "name": "minimalUI",
            "static": 1,
            "class": "Viewport.iOS"
        },
        {
            "file": "../src/Sagen.js",
            "line": 1,
            "description": "license inazumatv.com\nauthor (at)taikiken / htp://inazumatv.com\ndate 2014/02/06 - 13:17\n\nCopyright (c) 2011-2014 inazumatv.com, inc.\n\nDistributed under the terms of the MIT license.\nhttp://www.opensource.org/licenses/mit-license.html\n\nThis notice shall be included in all copies or substantial portions of the Software.",
            "class": "Sagen"
        },
        {
            "file": "../src/Sagen.js",
            "line": 18,
            "static": 1,
            "itemtype": "method",
            "name": "hasClass",
            "params": [
                {
                    "name": "element",
                    "description": "",
                    "type": "DOMElement"
                },
                {
                    "name": "class_name",
                    "description": "",
                    "type": "String"
                }
            ],
            "return": {
                "description": "\\*}",
                "type": "Array|index: number, input: string"
            },
            "class": "Sagen"
        },
        {
            "file": "../src/Sagen.js",
            "line": 31,
            "static": 1,
            "itemtype": "method",
            "name": "addClass",
            "params": [
                {
                    "name": "element",
                    "description": "",
                    "type": "DOMElement"
                },
                {
                    "name": "class_name",
                    "description": "",
                    "type": "String"
                }
            ],
            "return": {
                "description": "\\*}",
                "type": "Array|index: number, input: string"
            },
            "class": "Sagen"
        },
        {
            "file": "../src/Sagen.js",
            "line": 45,
            "static": 1,
            "itemtype": "method",
            "name": "removeClass",
            "params": [
                {
                    "name": "element",
                    "description": "",
                    "type": "DOMElement"
                },
                {
                    "name": "class_name",
                    "description": "",
                    "type": "String"
                }
            ],
            "return": {
                "description": "\\*}",
                "type": "Array|index: number, input: string"
            },
            "class": "Sagen"
        },
        {
            "file": "../src/Sagen.js",
            "line": 100,
            "static": 1,
            "itemtype": "method",
            "name": "orientation",
            "return": {
                "description": "orientation checkするかの真偽値",
                "type": "Boolean"
            },
            "class": "Sagen"
        },
        {
            "file": "../src/Sagen.js",
            "line": 110,
            "static": 1,
            "itemtype": "method",
            "name": "android",
            "return": {
                "description": "android checkするかの真偽値",
                "type": "Boolean"
            },
            "class": "Sagen"
        },
        {
            "file": "../src/Sagen.js",
            "line": 120,
            "static": 1,
            "itemtype": "method",
            "name": "ios",
            "return": {
                "description": "ios checkするかの真偽値",
                "type": "Boolean"
            },
            "class": "Sagen"
        },
        {
            "file": "../src/Sagen.js",
            "line": 130,
            "static": 1,
            "itemtype": "method",
            "name": "canvas",
            "return": {
                "description": "canvas checkするかの真偽値",
                "type": "Boolean"
            },
            "class": "Sagen"
        },
        {
            "file": "../src/version.js",
            "line": 14,
            "description": "The version string for this release.",
            "itemtype": "property",
            "name": "version",
            "type": "String",
            "static": 1,
            "class": "Sagen",
            "module": "Sagen"
        },
        {
            "file": "../src/version.js",
            "line": 22,
            "description": "The build date for this release in UTC format.",
            "itemtype": "property",
            "name": "buildDate",
            "type": "String",
            "static": 1,
            "class": "Sagen",
            "module": "Sagen"
        }
    ],
    "warnings": [
        {
            "message": "replacing incorrect tag: returns with return",
            "line": " ../src/browser/Browser.js:69"
        },
        {
            "message": "replacing incorrect tag: returns with return",
            "line": " ../src/browser/Browser.js:89"
        },
        {
            "message": "replacing incorrect tag: returns with return",
            "line": " ../src/browser/Browser.js:109"
        },
        {
            "message": "replacing incorrect tag: returns with return",
            "line": " ../src/browser/Browser.js:151"
        },
        {
            "message": "replacing incorrect tag: returns with return",
            "line": " ../src/browser/Browser.js:160"
        },
        {
            "message": "replacing incorrect tag: returns with return",
            "line": " ../src/browser/Browser.js:169"
        },
        {
            "message": "replacing incorrect tag: returns with return",
            "line": " ../src/browser/Browser.js:178"
        },
        {
            "message": "replacing incorrect tag: returns with return",
            "line": " ../src/browser/Browser.js:187"
        },
        {
            "message": "replacing incorrect tag: returns with return",
            "line": " ../src/browser/Browser.js:196"
        },
        {
            "message": "replacing incorrect tag: returns with return",
            "line": " ../src/browser/Browser.js:205"
        },
        {
            "message": "replacing incorrect tag: returns with return",
            "line": " ../src/browser/Browser.js:214"
        },
        {
            "message": "replacing incorrect tag: returns with return",
            "line": " ../src/browser/Browser.js:232"
        },
        {
            "message": "replacing incorrect tag: returns with return",
            "line": " ../src/browser/Browser.js:241"
        },
        {
            "message": "replacing incorrect tag: returns with return",
            "line": " ../src/browser/Browser.js:250"
        },
        {
            "message": "replacing incorrect tag: returns with return",
            "line": " ../src/browser/Browser.js:259"
        },
        {
            "message": "replacing incorrect tag: returns with return",
            "line": " ../src/browser/Browser.js:268"
        },
        {
            "message": "replacing incorrect tag: returns with return",
            "line": " ../src/browser/Browser.js:277"
        },
        {
            "message": "replacing incorrect tag: returns with return",
            "line": " ../src/browser/Browser.js:295"
        },
        {
            "message": "replacing incorrect tag: returns with return",
            "line": " ../src/browser/Browser.js:304"
        },
        {
            "message": "replacing incorrect tag: returns with return",
            "line": " ../src/browser/Browser.js:312"
        },
        {
            "message": "replacing incorrect tag: returns with return",
            "line": " ../src/browser/Browser.js:320"
        },
        {
            "message": "replacing incorrect tag: returns with return",
            "line": " ../src/browser/Browser.js:328"
        },
        {
            "message": "replacing incorrect tag: returns with return",
            "line": " ../src/browser/Browser.js:336"
        },
        {
            "message": "replacing incorrect tag: returns with return",
            "line": " ../src/browser/Browser.js:344"
        },
        {
            "message": "replacing incorrect tag: returns with return",
            "line": " ../src/browser/Browser.js:352"
        },
        {
            "message": "replacing incorrect tag: returns with return",
            "line": " ../src/browser/Browser.js:360"
        },
        {
            "message": "replacing incorrect tag: returns with return",
            "line": " ../src/browser/Browser.js:392"
        },
        {
            "message": "replacing incorrect tag: returns with return",
            "line": " ../src/browser/Browser.js:410"
        },
        {
            "message": "replacing incorrect tag: returns with return",
            "line": " ../src/browser/Browser.js:419"
        },
        {
            "message": "replacing incorrect tag: returns with return",
            "line": " ../src/browser/Browser.js:428"
        },
        {
            "message": "replacing incorrect tag: returns with return",
            "line": " ../src/browser/Browser.js:437"
        },
        {
            "message": "replacing incorrect tag: returns with return",
            "line": " ../src/browser/Browser.js:455"
        },
        {
            "message": "replacing incorrect tag: returns with return",
            "line": " ../src/browser/Browser.js:473"
        },
        {
            "message": "replacing incorrect tag: returns with return",
            "line": " ../src/browser/Browser.js:491"
        },
        {
            "message": "replacing incorrect tag: returns with return",
            "line": " ../src/browser/Browser.js:518"
        },
        {
            "message": "replacing incorrect tag: returns with return",
            "line": " ../src/browser/Browser.js:526"
        },
        {
            "message": "replacing incorrect tag: returns with return",
            "line": " ../src/browser/Browser.js:543"
        },
        {
            "message": "replacing incorrect tag: returns with return",
            "line": " ../src/browser/Browser.js:552"
        },
        {
            "message": "replacing incorrect tag: returns with return",
            "line": " ../src/browser/Viewport.js:46"
        },
        {
            "message": "replacing incorrect tag: returns with return",
            "line": " ../src/Sagen.js:18"
        },
        {
            "message": "replacing incorrect tag: returns with return",
            "line": " ../src/Sagen.js:31"
        },
        {
            "message": "replacing incorrect tag: returns with return",
            "line": " ../src/Sagen.js:45"
        },
        {
            "message": "replacing incorrect tag: returns with return",
            "line": " ../src/Sagen.js:100"
        },
        {
            "message": "replacing incorrect tag: returns with return",
            "line": " ../src/Sagen.js:110"
        },
        {
            "message": "replacing incorrect tag: returns with return",
            "line": " ../src/Sagen.js:120"
        },
        {
            "message": "replacing incorrect tag: returns with return",
            "line": " ../src/Sagen.js:130"
        },
        {
            "message": "Missing item type\nlicense inazumatv.com\nauthor (at)taikiken / http://inazumatv.com\ndate 2013/12/12 - 17:25\n\nCopyright (c) 2011-2013 inazumatv.com, inc.\n\nDistributed under the terms of the MIT license.\nhttp://www.opensource.org/licenses/mit-license.html\n\nThis notice shall be included in all copies or substantial portions of the Software.\n\nBrowser class from inazumatv.util",
            "line": " ../src/browser/Browser.js:1"
        },
        {
            "message": "Missing item type\nSafari version detection",
            "line": " ../src/browser/Browser.js:109"
        },
        {
            "message": "Missing item type",
            "line": " ../src/browser/Browser.js:137"
        },
        {
            "message": "Missing item type\nlicense inazumatv.com\nauthor (at)taikiken / htp://inazumatv.com\ndate 2014/02/06 - 13:55\n\nCopyright (c) 2011-2014 inazumatv.com, inc.\n\nDistributed under the terms of the MIT license.\nhttp://www.opensource.org/licenses/mit-license.html\n\nThis notice shall be included in all copies or substantial portions of the Software.",
            "line": " ../src/browser/Device.js:1"
        },
        {
            "message": "Missing item type\nlicense inazumatv.com\nauthor (at)taikiken / htp://inazumatv.com\ndate 2014/02/06 - 13:30\n\nCopyright (c) 2011-2014 inazumatv.com, inc.\n\nDistributed under the terms of the MIT license.\nhttp://www.opensource.org/licenses/mit-license.html\n\nThis notice shall be included in all copies or substantial portions of the Software.",
            "line": " ../src/browser/Viewport.js:1"
        },
        {
            "message": "Missing item type",
            "line": " ../src/browser/Viewport.js:46"
        },
        {
            "message": "Missing item type",
            "line": " ../src/browser/Viewport.js:110"
        },
        {
            "message": "Missing item type",
            "line": " ../src/browser/Viewport.js:125"
        },
        {
            "message": "Missing item type\nlicense inazumatv.com\nauthor (at)taikiken / htp://inazumatv.com\ndate 2014/02/06 - 13:17\n\nCopyright (c) 2011-2014 inazumatv.com, inc.\n\nDistributed under the terms of the MIT license.\nhttp://www.opensource.org/licenses/mit-license.html\n\nThis notice shall be included in all copies or substantial portions of the Software.",
            "line": " ../src/Sagen.js:1"
        }
    ]
}